{"emitters":[{"name":"Template","eEmitterShape":0,"particle":{"startColor":[1.000000,1.000000,1.000000,1.000000],"endColor":[1.000000,1.000000,1.000000,1.000000]},"textureUV":[32.000000,0.000000,64.000000,32.000000],"velocity":{"gravity":[0.000000,-0.980000,0.000000],"x":{"min":-1.000000,"max":1.000000},"y":{"min":2.000000,"max":2.000000},"z":{"min":-1.000000,"max":1.000000}},"rotationPerSecond":{"min":-360.000000,"max":360.000000},"startRotation":{"min":0.000000,"max":0.000000},"lifeTime":{"min":1.000000,"max":5.000000},"size":{"min":0.500000,"max":1.000000},"endSizeInPercent":0.000000,"shouldRotateInDirection":true,"isExplosion":false,"emitCooldown":0.050000,"amountOfParticles":100,"localForceFields":[{"offsetFromEmitter":[0.000000,1.980000,0.000000],"radius":2.000000,"gravity":1.000000},{"offsetFromEmitter":[1.000000,1.000000,1.000000],"radius":1.000000,"gravity":5.000000}]},{"name":"EmitterName","eEmitterShape":0,"particle":{"startColor":[1.000000,1.000000,1.000000,1.000000],"endColor":[1.000000,1.000000,1.000000,1.000000]},"textureUV":[32.000000,0.000000,64.000000,32.000000],"velocity":{"gravity":[0.000000,-0.980000,0.000000],"x":{"min":-1.000000,"max":1.000000},"y":{"min":2.000000,"max":2.000000},"z":{"min":-1.000000,"max":1.000000}},"rotationPerSecond":{"min":-360.000000,"max":360.000000},"startRotation":{"min":0.000000,"max":0.000000},"lifeTime":{"min":1.000000,"max":5.000000},"size":{"min":0.500000,"max":1.000000},"endSizeInPercent":0.000000,"shouldRotateInDirection":true,"isExplosion":false,"emitCooldown":0.050000,"amountOfParticles":100,"localForceFields":[{"offsetFromEmitter":[0.000000,1.980000,0.000000],"radius":2.000000,"gravity":1.000000},{"offsetFromEmitter":[1.000000,1.000000,1.000000],"radius":1.000000,"gravity":5.000000}]}]}